Stock,yr,ct,bt,TB
HH_H,1951,260804,8.8065,750000
HH_H,1952,174198,5.1317,638148
HH_H,1953,207146,9.1456,733860
HH_H,1954,197872,6.7651,682134
HH_H,1955,192267,6.7720,676880
HH_H,1956,194604,6.0647,631639
HH_H,1957,176936,6.9931,679432
HH_H,1958,232482,6.4488,700938
HH_H,1959,201095,7.6034,646658
HH_H,1960,156074,4.7445,598356
HH_H,1961,240714,6.1986,690806
HH_H,1962,221760,6.5499,647800
HH_H,1963,181914,6.4215,598646
HH_H,1964,195256,6.7450,642264
HH_H,1965,183078,7.7900,670815
HH_H,1966,209266,5.9721,764825
HH_H,1967,198255,6.9746,738772
HH_H,1968,189667,7.4590,696004
HH_H,1969,180824,7.1524,749047
HH_H,1970,195225,7.2016,783177
HH_H,1971,194960,7.9453,764889
HH_H,1972,205181,7.6624,723679
HH_H,1973,211943,8.1254,713026
HH_H,1974,187833,6.0557,721278
HH_H,1975,231636,7.7529,785154
HH_H,1976,197734,7.5209,720316
HH_H,1977,210574,7.2601,708872
HH_H,1978,181727,7.3704,703808
HH_H,1979,216366,6.7266,756573
HH_H,1980,202977,6.5943,725862
HH_H,1981,270228,6.9877,729740
HH_H,1982,182157,6.4365,624793
HH_H,1983,183286,6.4020,641120
HH_H,1984,223218,7.0779,720412
HH_H,1985,227494,7.4540,739745
HH_H,1986,244650,7.7632,770395
HH_H,1987,208743,6.6816,715984
HH_H,1988,189534,8.6294,722946
HH_H,1989,217837,8.6816,729865
HH_H,1990,199364,7.1696,697236
HH_H,1991,237435,8.2668,745658
HH_H,1992,203056,7.3460,698246
HH_H,1993,230635,7.7054,704759
HH_H,1994,158027,5.8132,620223
HH_H,1995,189480,6.3953,671235
HH_H,1996,165611,6.1226,660638
HH_H,1997,205587,6.0524,682060
HH_H,1998,249210,7.5804,801594
HH_H,1999,238754,7.6723,726404
HH_H,2000,238733,7.1922,710577
HH_L,1951,52324,6.5394,750000
HH_L,1952,57026,8.5688,751894
HH_L,1953,58386,6.6177,741067
HH_L,1954,52715,6.8272,731896
HH_L,1955,61241,8.0578,734605
HH_L,1956,64606,7.7738,721776
HH_L,1957,52245,7.0385,704275
HH_L,1958,39022,6.9763,718271
HH_L,1959,51168,7.5939,734020
HH_L,1960,58290,6.3733,740428
HH_L,1961,57868,7.3815,724533
HH_L,1962,58256,7.2321,721984
HH_L,1963,52812,8.2980,717121
HH_L,1964,49666,6.4336,719760
HH_L,1965,56288,6.3704,710666
HH_L,1966,57562,7.4869,722982
HH_L,1967,54856,7.7662,705971
HH_L,1968,55145,5.3946,691087
HH_L,1969,54799,6.0586,694790
HH_L,1970,51331,6.8140,703301
HH_L,1971,55290,7.3941,699168
HH_L,1972,58538,8.2334,698029
HH_L,1973,47938,6.5422,701098
HH_L,1974,53347,7.6673,697728
HH_L,1975,51046,6.9487,692744
HH_L,1976,48647,7.8862,696476
HH_L,1977,63985,7.2216,700318
HH_L,1978,48212,6.5858,681284
HH_L,1979,57751,6.8600,688970
HH_L,1980,55811,6.6072,679269
HH_L,1981,52013,6.6835,675373
HH_L,1982,51231,7.7700,673940
HH_L,1983,52871,7.4410,678500
HH_L,1984,44841,6.6512,677931
HH_L,1985,53885,7.5339,682780
HH_L,1986,52274,7.3232,718841
HH_L,1987,55574,5.8318,707387
HH_L,1988,40230,7.1817,697045
HH_L,1989,58100,6.9627,705005
HH_L,1990,64108,7.9268,691093
HH_L,1991,48870,7.1686,682915
HH_L,1992,59702,6.6884,689317
HH_L,1993,43449,7.2011,688871
HH_L,1994,54614,7.5339,689619
HH_L,1995,46508,6.0599,699460
HH_L,1996,40798,7.0594,700983
HH_L,1997,50238,7.9942,711842
HH_L,1998,49023,6.4806,700203
HH_L,1999,53212,7.8311,696890
HH_L,2000,44645,7.3232,676004
HH_M,1951,104989,8.3615,750000
HH_M,1952,90644,7.4440,719117
HH_M,1953,104437,6.9328,741426
HH_M,1954,117216,6.3961,710615
HH_M,1955,118279,4.7691,685505
HH_M,1956,98434,5.6418,639119
HH_M,1957,95053,5.4611,634238
HH_M,1958,99035,7.1723,675821
HH_M,1959,105130,7.8569,724790
HH_M,1960,106501,5.6070,705149
HH_M,1961,104890,7.2783,723602
HH_M,1962,124236,7.7493,733262
HH_M,1963,101599,7.4205,722099
HH_M,1964,127333,7.8458,764865
HH_M,1965,138905,8.2099,767688
HH_M,1966,99832,6.8563,740010
HH_M,1967,119913,6.5215,715949
HH_M,1968,112229,6.2088,673869
HH_M,1969,96511,6.7992,655071
HH_M,1970,100909,7.3558,688432
HH_M,1971,112154,7.7096,735732
HH_M,1972,108661,6.6299,710971
HH_M,1973,102487,6.3789,686707
HH_M,1974,99232,6.2376,674460
HH_M,1975,121226,6.9222,703548
HH_M,1976,113521,6.4288,690872
HH_M,1977,92682,7.5611,676307
HH_M,1978,118133,6.4977,705440
HH_M,1979,104290,7.8086,682859
HH_M,1980,84535,6.3845,686688
HH_M,1981,124035,7.1925,663285
HH_M,1982,107162,6.4589,642595
HH_M,1983,120517,7.5748,671874
HH_M,1984,92913,6.3537,632165
HH_M,1985,114701,6.5196,650854
HH_M,1986,95229,5.3868,680140
HH_M,1987,105484,7.3251,688726
HH_M,1988,118668,7.2873,668152
HH_M,1989,98585,5.9254,643393
HH_M,1990,89443,6.9608,638073
HH_M,1991,114356,7.2356,659742
HH_M,1992,87492,7.0449,626100
HH_M,1993,98652,5.3851,649059
HH_M,1994,99716,8.1078,677470
HH_M,1995,103040,6.0842,684535
HH_M,1996,113141,5.5432,667812
HH_M,1997,90500,5.9679,664205
HH_M,1998,134756,7.2964,717556
HH_M,1999,93528,6.5683,690285
HH_M,2000,109702,5.9584,695794
HH_VL,1951,10280,7.2824,750000
HH_VL,1952,13048,7.1463,750520
HH_VL,1953,10152,7.6498,747468
HH_VL,1954,11230,8.0136,751356
HH_VL,1955,12324,6.6866,752663
HH_VL,1956,11625,6.8312,746623
HH_VL,1957,10962,9.0106,749198
HH_VL,1958,11898,6.5701,746628
HH_VL,1959,13348,7.7661,744613
HH_VL,1960,10752,7.3507,743287
HH_VL,1961,8969,6.9925,741318
HH_VL,1962,9442,6.7866,740357
HH_VL,1963,11514,7.1808,741078
HH_VL,1964,8864,7.9005,736290
HH_VL,1965,9888,8.4202,737698
HH_VL,1966,10257,7.1582,737970
HH_VL,1967,11387,7.4010,737368
HH_VL,1968,9223,8.3004,735142
HH_VL,1969,11578,7.4066,735107
HH_VL,1970,10162,8.3395,735729
HH_VL,1971,12196,7.7604,735857
HH_VL,1972,10989,8.0251,740487
HH_VL,1973,11423,6.8482,738981
HH_VL,1974,11421,7.6202,736028
HH_VL,1975,9837,7.3072,734913
HH_VL,1976,9363,8.2132,734770
HH_VL,1977,9220,7.9458,736379
HH_VL,1978,10195,6.6567,736595
HH_VL,1979,12076,5.9064,733859
HH_VL,1980,11655,7.0998,732361
HH_VL,1981,10808,7.0136,727991
HH_VL,1982,10622,7.5389,727290
HH_VL,1983,9736,8.3330,726855
HH_VL,1984,9589,7.0098,726213
HH_VL,1985,10308,6.7015,725226
HH_VL,1986,11367,7.9661,723278
HH_VL,1987,9439,6.1330,725497
HH_VL,1988,11191,6.3969,725226
HH_VL,1989,10563,6.2715,721728
HH_VL,1990,12082,6.6360,721908
HH_VL,1991,9810,7.8453,719256
HH_VL,1992,10865,8.2245,718874
HH_VL,1993,10376,8.0453,718820
HH_VL,1994,9938,6.6388,716502
HH_VL,1995,11728,6.7445,717153
HH_VL,1996,10911,6.4085,717220
HH_VL,1997,9923,5.2524,713928
HH_VL,1998,10878,7.5719,715465
HH_VL,1999,10536,6.7830,716744
HH_VL,2000,11366,6.1340,717828
HL_H,1951,222984,6.5475,750000
HL_H,1952,238223,6.9674,746522
HL_H,1953,226967,7.7639,701145
HL_H,1954,184870,7.0450,740208
HL_H,1955,213521,6.7317,687592
HL_H,1956,165579,8.8503,723206
HL_H,1957,249214,9.1796,818717
HL_H,1958,222514,7.1778,698599
HL_H,1959,236317,7.2376,740610
HL_H,1960,206152,6.0877,708946
HL_H,1961,247269,7.4669,732877
HL_H,1962,278550,7.6875,719680
HL_H,1963,176282,5.2204,597257
HL_H,1964,179591,5.7509,628756
HL_H,1965,214345,6.6996,646092
HL_H,1966,230682,6.5575,677760
HL_H,1967,228742,6.7677,615859
HL_H,1968,238422,8.0300,702406
HL_H,1969,208137,7.2564,693625
HL_H,1970,256604,7.9769,720801
HL_H,1971,273541,6.0780,663225
HL_H,1972,313201,7.7167,639243
HL_H,1973,239593,5.5024,565350
HL_H,1974,229930,5.7070,550274
HL_H,1975,262680,6.0769,609121
HL_H,1976,222602,5.8270,503166
HL_H,1977,253524,6.0511,534617
HL_H,1978,269377,5.0071,491823
HL_H,1979,258429,5.3254,541685
HL_H,1980,227122,5.7177,539194
HL_H,1981,305871,5.8319,549148
HL_H,1982,300777,5.1200,492231
HL_H,1983,252632,3.7263,356568
HL_H,1984,160943,2.5777,292428
HL_H,1985,215098,3.0675,349929
HL_H,1986,187515,3.5430,326208
HL_H,1987,194654,3.5159,315613
HL_H,1988,221882,3.3632,362744
HL_H,1989,213319,3.4022,355784
HL_H,1990,291530,3.8338,370460
HL_H,1991,375651,4.0643,478559
HL_H,1992,194716,2.8652,293499
HL_H,1993,201079,2.1810,263745
HL_H,1994,164652,2.3469,225785
HL_H,1995,181729,2.4090,251177
HL_H,1996,160409,2.8875,272314
HL_H,1997,186763,3.1526,254738
HL_H,1998,164040,2.4994,231668
HL_H,1999,191350,2.2559,239427
HL_H,2000,198626,2.8514,265263
HL_L,1951,69304,6.2898,750000
HL_L,1952,73029,6.3726,726419
HL_L,1953,67441,6.8176,697488
HL_L,1954,69543,8.3751,685694
HL_L,1955,58991,6.0770,653278
HL_L,1956,50626,6.3152,662292
HL_L,1957,59588,6.9493,653485
HL_L,1958,50519,6.1389,641740
HL_L,1959,65334,6.9025,637910
HL_L,1960,55854,5.7636,637654
HL_L,1961,80220,6.7643,648925
HL_L,1962,78230,6.0453,609604
HL_L,1963,69454,4.8124,593911
HL_L,1964,68448,6.0330,601884
HL_L,1965,82003,6.6195,597248
HL_L,1966,72992,5.9601,569557
HL_L,1967,73586,4.4420,571596
HL_L,1968,84019,5.6057,589325
HL_L,1969,72286,4.7006,552942
HL_L,1970,62787,5.8116,545562
HL_L,1971,80911,5.3344,557519
HL_L,1972,84396,5.6558,546678
HL_L,1973,70149,4.8770,503545
HL_L,1974,57553,4.9433,480715
HL_L,1975,71101,4.8951,460752
HL_L,1976,69873,4.4475,459919
HL_L,1977,67316,4.5249,442743
HL_L,1978,69825,3.9164,441940
HL_L,1979,60852,3.8573,440539
HL_L,1980,66949,3.8997,436478
HL_L,1981,64075,4.2501,435425
HL_L,1982,68025,4.5274,420963
HL_L,1983,72735,4.6822,403010
HL_L,1984,58127,3.2009,390566
HL_L,1985,70939,3.5526,402243
HL_L,1986,72190,4.2015,389750
HL_L,1987,61248,3.4727,370291
HL_L,1988,76018,3.8360,388004
HL_L,1989,72643,3.9038,368119
HL_L,1990,58781,4.1579,343174
HL_L,1991,66342,3.2013,332556
HL_L,1992,79743,2.7836,323778
HL_L,1993,63255,2.9789,285738
HL_L,1994,58270,2.7389,272903
HL_L,1995,52942,2.9350,260786
HL_L,1996,50789,2.3547,247146
HL_L,1997,52916,2.5596,252687
HL_L,1998,51023,2.2245,241940
HL_L,1999,47007,2.8682,242512
HL_L,2000,46191,2.2330,236616
HL_M,1951,130767,8.8902,750000
HL_M,1952,115402,8.5173,705839
HL_M,1953,101783,6.4136,668730
HL_M,1954,102789,6.0061,702421
HL_M,1955,100111,7.8289,685902
HL_M,1956,133161,7.4378,716690
HL_M,1957,103125,7.1860,674829
HL_M,1958,115952,6.0629,720121
HL_M,1959,131521,7.4712,747682
HL_M,1960,127255,6.9780,718490
HL_M,1961,197284,5.9702,687450
HL_M,1962,132306,5.9250,580613
HL_M,1963,137019,5.0205,542505
HL_M,1964,148576,5.0929,564240
HL_M,1965,132363,4.4595,522922
HL_M,1966,114461,5.0544,479258
HL_M,1967,101314,4.9197,462024
HL_M,1968,117373,5.1040,530416
HL_M,1969,125274,5.7439,522689
HL_M,1970,142537,5.1006,513182
HL_M,1971,144541,4.4019,477483
HL_M,1972,129195,4.9814,476530
HL_M,1973,165248,5.2124,443360
HL_M,1974,122656,3.6707,408644
HL_M,1975,111435,4.1775,423571
HL_M,1976,143418,4.3139,437559
HL_M,1977,115604,4.2037,413284
HL_M,1978,123502,4.1872,405849
HL_M,1979,118912,4.9649,420892
HL_M,1980,110436,3.8234,403803
HL_M,1981,145041,4.2088,403458
HL_M,1982,103346,3.8758,379385
HL_M,1983,158347,3.7928,388772
HL_M,1984,119471,3.4265,332437
HL_M,1985,95674,2.6986,298478
HL_M,1986,94694,3.0428,281047
HL_M,1987,102322,2.4871,284014
HL_M,1988,105503,2.9889,280141
HL_M,1989,83482,2.7628,259685
HL_M,1990,108935,2.4321,295146
HL_M,1991,162896,2.9644,296912
HL_M,1992,90818,2.3929,226711
HL_M,1993,79724,2.1564,204973
HL_M,1994,81611,1.9251,194011
HL_M,1995,91092,2.0664,184642
HL_M,1996,53408,1.3177,140812
HL_M,1997,42359,1.0696,131828
HL_M,1998,48019,1.1682,135536
HL_M,1999,63462,1.5691,154815
HL_M,2000,69287,1.6219,160566
HL_VL,1951,19366,6.9144,750000
HL_VL,1952,17698,7.6064,737836
HL_VL,1953,15959,7.7937,729610
HL_VL,1954,17527,6.3651,722968
HL_VL,1955,14962,4.9746,717706
HL_VL,1956,16612,7.3297,713375
HL_VL,1957,16371,6.7966,709992
HL_VL,1958,22717,7.0246,705562
HL_VL,1959,18563,6.9270,697549
HL_VL,1960,19336,6.8558,688432
HL_VL,1961,27484,5.4999,680813
HL_VL,1962,20094,8.1516,664683
HL_VL,1963,26346,6.1153,654093
HL_VL,1964,20296,5.6714,645611
HL_VL,1965,20148,6.8853,635606
HL_VL,1966,24889,6.4104,625174
HL_VL,1967,20943,6.1114,612338
HL_VL,1968,17401,6.8537,602389
HL_VL,1969,19751,5.6094,599204
HL_VL,1970,17508,5.4597,591022
HL_VL,1971,22307,5.0395,584532
HL_VL,1972,23744,6.0820,575219
HL_VL,1973,25119,6.1974,566279
HL_VL,1974,25492,5.5688,551019
HL_VL,1975,23956,5.7948,535814
HL_VL,1976,22201,6.2652,523311
HL_VL,1977,21929,5.5756,510575
HL_VL,1978,20762,4.5625,499252
HL_VL,1979,19739,4.2877,491277
HL_VL,1980,17633,4.9853,484745
HL_VL,1981,23597,5.5714,475581
HL_VL,1982,22388,4.4945,462718
HL_VL,1983,27080,4.7414,454662
HL_VL,1984,20096,3.4900,439905
HL_VL,1985,22588,4.5955,431818
HL_VL,1986,20462,3.8964,424073
HL_VL,1987,22611,4.1229,415037
HL_VL,1988,19683,3.4963,402751
HL_VL,1989,19622,4.1412,397730
HL_VL,1990,22099,3.6583,389060
HL_VL,1991,22346,4.2286,376438
HL_VL,1992,20206,3.6524,367296
HL_VL,1993,19348,4.2409,358647
HL_VL,1994,19949,3.8705,353690
HL_VL,1995,16953,3.8016,346303
HL_VL,1996,18407,4.0055,341174
HL_VL,1997,18552,3.2677,332741
HL_VL,1998,14701,2.6615,325981
HL_VL,1999,17523,2.9407,320725
HL_VL,2000,17650,3.3730,311622
HLH_H,1951,240911,7.9066,750000
HLH_H,1952,189892,6.3668,667143
HLH_H,1953,295748,7.3728,703782
HLH_H,1954,211991,6.2477,609144
HLH_H,1955,222698,6.0431,728735
HLH_H,1956,342880,7.2601,663168
HLH_H,1957,326464,6.4027,597636
HLH_H,1958,356916,6.9512,677224
HLH_H,1959,278705,6.1886,547499
HLH_H,1960,285295,4.7452,498096
HLH_H,1961,311669,4.2485,411034
HLH_H,1962,227461,3.9664,366936
HLH_H,1963,225308,2.9540,323462
HLH_H,1964,223355,2.9667,298505
HLH_H,1965,203424,2.9049,295802
HLH_H,1966,218651,2.9475,301013
HLH_H,1967,208821,2.9005,288563
HLH_H,1968,158472,2.6156,246007
HLH_H,1969,220225,2.5596,287243
HLH_H,1970,290907,4.1757,354637
HLH_H,1971,291220,3.3898,336935
HLH_H,1972,250187,2.8713,331761
HLH_H,1973,266472,3.3604,326932
HLH_H,1974,164444,2.6360,243208
HLH_H,1975,173406,2.5386,248822
HLH_H,1976,150979,2.6369,268508
HLH_H,1977,217034,3.1002,304364
HLH_H,1978,163723,2.7187,293367
HLH_H,1979,224153,3.3468,314874
HLH_H,1980,153330,2.8021,274189
HLH_H,1981,210785,3.8588,371683
HLH_H,1982,255258,4.7463,419250
HLH_H,1983,223347,2.7109,321466
HLH_H,1984,161244,2.4951,315465
HLH_H,1985,237423,4.2091,412414
HLH_H,1986,233017,4.8882,388199
HLH_H,1987,191375,4.4668,435914
HLH_H,1988,229533,4.9326,549074
HLH_H,1989,191878,5.1046,493908
HLH_H,1990,186379,5.5546,511762
HLH_H,1991,222217,5.3184,548549
HLH_H,1992,271225,6.5069,651708
HLH_H,1993,270491,7.3063,663084
HLH_H,1994,150837,5.6752,565034
HLH_H,1995,217528,6.1747,663894
HLH_H,1996,202970,6.9278,699538
HLH_H,1997,166544,5.3409,651861
HLH_H,1998,230383,8.9395,787911
HLH_H,1999,197234,6.3074,673461
HLH_H,2000,209914,5.5772,656752
HLH_L,1951,76980,5.8475,750000
HLH_L,1952,81997,8.1559,707816
HLH_L,1953,72974,6.9554,688437
HLH_L,1954,57855,6.7556,678671
HLH_L,1955,69336,6.7296,685801
HLH_L,1956,90690,6.7562,682550
HLH_L,1957,94627,6.4089,648812
HLH_L,1958,85863,5.1673,608433
HLH_L,1959,89060,6.5379,580805
HLH_L,1960,70725,4.8923,571131
HLH_L,1961,110920,6.8615,578882
HLH_L,1962,106971,5.6626,539790
HLH_L,1963,78081,5.2693,511312
HLH_L,1964,105057,4.4547,510174
HLH_L,1965,80820,4.6811,465275
HLH_L,1966,76623,4.8128,427717
HLH_L,1967,66061,4.1774,420133
HLH_L,1968,67034,3.5888,410300
HLH_L,1969,74359,4.0034,386551
HLH_L,1970,78394,4.0306,390557
HLH_L,1971,77634,3.3166,368643
HLH_L,1972,83257,3.7750,338915
HLH_L,1973,65028,2.8444,303161
HLH_L,1974,63119,3.1045,294661
HLH_L,1975,40550,2.7619,278275
HLH_L,1976,45558,3.2095,301810
HLH_L,1977,45349,2.5327,335924
HLH_L,1978,51506,3.5564,357870
HLH_L,1979,54645,4.4369,352849
HLH_L,1980,54983,3.4855,360589
HLH_L,1981,52161,3.9518,369121
HLH_L,1982,54564,3.9439,379873
HLH_L,1983,59047,3.8523,386136
HLH_L,1984,41252,3.5447,379923
HLH_L,1985,50916,3.9987,371628
HLH_L,1986,43771,4.0676,382105
HLH_L,1987,54619,4.1699,378282
HLH_L,1988,38637,3.7064,411372
HLH_L,1989,38787,4.9452,457179
HLH_L,1990,48623,5.1421,473914
HLH_L,1991,51486,4.6605,495748
HLH_L,1992,45839,5.2280,492336
HLH_L,1993,49168,5.9627,510458
HLH_L,1994,44360,5.5707,538416
HLH_L,1995,45602,5.1087,544030
HLH_L,1996,48038,4.8304,566789
HLH_L,1997,47232,5.3894,600373
HLH_L,1998,44783,6.7470,621696
HLH_L,1999,43948,6.8301,640833
HLH_L,2000,47394,5.3772,651589
HLH_M,1951,129948,7.8209,750000
HLH_M,1952,157269,7.1410,731315
HLH_M,1953,135988,6.2918,666974
HLH_M,1954,143094,6.5162,626674
HLH_M,1955,109472,5.7398,588789
HLH_M,1956,173063,5.8044,604585
HLH_M,1957,147443,5.8136,543723
HLH_M,1958,155191,4.8281,502789
HLH_M,1959,137869,4.9817,457091
HLH_M,1960,130678,4.0268,420534
HLH_M,1961,119060,3.7289,393986
HLH_M,1962,152378,3.7456,395757
HLH_M,1963,132046,4.1472,388030
HLH_M,1964,122131,3.5594,365825
HLH_M,1965,128453,4.3703,372999
HLH_M,1966,130865,3.4567,337158
HLH_M,1967,109532,3.2551,313780
HLH_M,1968,110491,3.1090,296459
HLH_M,1969,115196,3.0049,308516
HLH_M,1970,114714,3.1434,341336
HLH_M,1971,148214,3.7573,335259
HLH_M,1972,148176,2.9941,275835
HLH_M,1973,92073,2.8070,246522
HLH_M,1974,93995,2.3119,253314
HLH_M,1975,80612,2.0330,230402
HLH_M,1976,63004,2.3290,230203
HLH_M,1977,69555,2.5120,267654
HLH_M,1978,76201,2.9057,299782
HLH_M,1979,113182,3.0291,352327
HLH_M,1980,108373,3.0179,352558
HLH_M,1981,112110,4.6627,418895
HLH_M,1982,128605,5.4063,457223
HLH_M,1983,121069,5.1583,417118
HLH_M,1984,113097,5.2520,459119
HLH_M,1985,103102,5.5978,490540
HLH_M,1986,119491,4.0961,506740
HLH_M,1987,114063,5.1788,506479
HLH_M,1988,121595,5.2538,540758
HLH_M,1989,130910,5.7912,551667
HLH_M,1990,98509,5.8292,529843
HLH_M,1991,111667,5.7418,539145
HLH_M,1992,84705,5.7332,548198
HLH_M,1993,100562,5.4841,583559
HLH_M,1994,91520,5.2252,606846
HLH_M,1995,88342,5.9622,614259
HLH_M,1996,93167,5.0751,602465
HLH_M,1997,94325,6.4052,625223
HLH_M,1998,94981,5.1054,660600
HLH_M,1999,85078,7.4819,665116
HLH_M,2000,103123,6.2132,717245
HLH_VL,1951,36231,6.1399,750000
HLH_VL,1952,39324,6.3109,724115
HLH_VL,1953,32738,8.4614,694910
HLH_VL,1954,33668,6.8375,671546
HLH_VL,1955,32254,7.1040,647961
HLH_VL,1956,35121,6.1904,628870
HLH_VL,1957,29794,5.5115,602683
HLH_VL,1958,28722,5.8196,583370
HLH_VL,1959,38861,7.0536,566458
HLH_VL,1960,29848,5.7678,539257
HLH_VL,1961,31167,5.4697,519438
HLH_VL,1962,31330,4.4643,498776
HLH_VL,1963,32343,4.9501,482711
HLH_VL,1964,31486,4.8081,463223
HLH_VL,1965,24247,5.4218,444477
HLH_VL,1966,29008,4.4303,433639
HLH_VL,1967,22915,4.6261,415311
HLH_VL,1968,26283,4.4909,405218
HLH_VL,1969,26049,3.1630,391549
HLH_VL,1970,24789,3.5263,376062
HLH_VL,1971,21711,3.2636,362338
HLH_VL,1972,25225,3.6327,348169
HLH_VL,1973,21748,3.2746,330472
HLH_VL,1974,20463,3.2639,319989
HLH_VL,1975,946,3.2484,309257
HLH_VL,1976,694,3.4873,317308
HLH_VL,1977,768,3.1993,327310
HLH_VL,1978,948,3.5673,340724
HLH_VL,1979,887,3.1801,353002
HLH_VL,1980,1238,3.9262,366726
HLH_VL,1981,1045,4.1523,377843
HLH_VL,1982,1154,3.7218,385432
HLH_VL,1983,1015,3.3867,393830
HLH_VL,1984,1074,3.4005,404778
HLH_VL,1985,993,4.5355,416163
HLH_VL,1986,1040,4.1557,423547
HLH_VL,1987,1025,4.5914,434592
HLH_VL,1988,1126,4.5189,442692
HLH_VL,1989,1069,4.6752,456516
HLH_VL,1990,1152,4.8601,464883
HLH_VL,1991,1272,4.7508,472700
HLH_VL,1992,1261,4.9408,480647
HLH_VL,1993,1112,4.9046,491780
HLH_VL,1994,1321,4.6204,506287
HLH_VL,1995,1212,4.8490,515201
HLH_VL,1996,1401,3.9466,525808
HLH_VL,1997,1072,5.7350,533432
HLH_VL,1998,1068,6.1969,542877
HLH_VL,1999,1180,6.1145,556695
HLH_VL,2000,1590,6.1591,568755
LH_H,1951,173189,2.7579,250000
LH_H,1952,199072,2.5541,251661
LH_H,1953,152955,2.5842,253925
LH_H,1954,225188,2.8689,309287
LH_H,1955,250198,4.1897,369476
LH_H,1956,235634,3.5998,347164
LH_H,1957,152165,2.3857,267660
LH_H,1958,199066,2.5499,272377
LH_H,1959,180649,3.2057,283225
LH_H,1960,253136,3.6993,344835
LH_H,1961,250501,3.9514,379670
LH_H,1962,194924,2.9910,321557
LH_H,1963,178721,2.9098,318158
LH_H,1964,170657,3.5019,340391
LH_H,1965,169679,3.3371,314951
LH_H,1966,182423,3.5149,331426
LH_H,1967,171372,3.1413,311513
LH_H,1968,218197,3.4649,340562
LH_H,1969,330034,5.2880,545121
LH_H,1970,300759,5.1923,451469
LH_H,1971,181193,3.9689,370042
LH_H,1972,191244,4.7075,388781
LH_H,1973,185555,4.8976,404915
LH_H,1974,237209,4.4286,439603
LH_H,1975,160232,3.0895,374166
LH_H,1976,226051,4.3649,489721
LH_H,1977,241803,4.7881,478106
LH_H,1978,173515,4.0115,474609
LH_H,1979,190363,4.4592,533180
LH_H,1980,347075,7.2030,645351
LH_H,1981,215225,4.3485,468776
LH_H,1982,145468,4.8848,452870
LH_H,1983,190405,5.6786,553344
LH_H,1984,185350,5.9699,576164
LH_H,1985,301955,7.3344,630899
LH_H,1986,249231,4.5509,589310
LH_H,1987,264588,5.6414,588159
LH_H,1988,213620,7.0123,593088
LH_H,1989,197188,4.9958,549117
LH_H,1990,277554,6.8627,661122
LH_H,1991,225880,6.4960,667972
LH_H,1992,199335,5.9033,680057
LH_H,1993,198477,9.0867,776737
LH_H,1994,213636,8.0670,721961
LH_H,1995,195428,6.8515,720835
LH_H,1996,243419,7.5336,736658
LH_H,1997,221033,6.6092,762353
LH_H,1998,223676,7.2306,695550
LH_H,1999,251587,7.0873,725921
LH_H,2000,197023,6.7814,751431
LH_L,1951,46023,2.4131,250000
LH_L,1952,40684,2.5072,247884
LH_L,1953,47237,2.4048,250917
LH_L,1954,51079,2.5784,253475
LH_L,1955,42232,2.3170,247295
LH_L,1956,42683,2.5604,257342
LH_L,1957,49029,2.5949,274558
LH_L,1958,56849,2.0508,281727
LH_L,1959,38821,2.9576,273185
LH_L,1960,52351,3.3010,283206
LH_L,1961,41144,2.9090,270216
LH_L,1962,40030,2.7972,277738
LH_L,1963,41667,2.9874,272827
LH_L,1964,46155,2.7569,284813
LH_L,1965,41409,3.0081,288096
LH_L,1966,46343,2.7799,320812
LH_L,1967,49201,3.9097,351455
LH_L,1968,59471,4.2252,353940
LH_L,1969,47065,3.3855,354584
LH_L,1970,52833,3.7598,359845
LH_L,1971,42230,3.7944,359432
LH_L,1972,51241,3.2057,369012
LH_L,1973,46654,4.4555,363791
LH_L,1974,51339,4.4669,375592
LH_L,1975,47077,3.4863,388314
LH_L,1976,36019,4.4837,414124
LH_L,1977,38109,3.2947,423318
LH_L,1978,49344,4.3044,448826
LH_L,1979,50296,4.3413,470215
LH_L,1980,50483,4.9120,491643
LH_L,1981,53274,5.0237,527154
LH_L,1982,56699,5.1688,526653
LH_L,1983,56964,4.8645,532914
LH_L,1984,58198,4.8756,541050
LH_L,1985,48976,5.4054,555010
LH_L,1986,52143,6.4126,575418
LH_L,1987,61472,5.8816,568957
LH_L,1988,45924,5.3580,586720
LH_L,1989,66282,5.9818,598392
LH_L,1990,76704,5.2381,605767
LH_L,1991,38840,5.4111,591060
LH_L,1992,46617,7.5806,608046
LH_L,1993,37818,6.2944,612209
LH_L,1994,46755,5.3217,621636
LH_L,1995,46183,4.4385,630095
LH_L,1996,45070,5.3498,641273
LH_L,1997,57038,6.0883,669380
LH_L,1998,55300,6.2252,690353
LH_L,1999,48748,7.9102,700501
LH_L,2000,47276,7.3810,713029
LH_M,1951,89800,2.3967,250000
LH_M,1952,80023,2.8140,259880
LH_M,1953,99948,2.2206,302414
LH_M,1954,118304,3.0806,333300
LH_M,1955,123969,3.3371,322868
LH_M,1956,109175,3.2097,329600
LH_M,1957,119117,3.1278,310437
LH_M,1958,92593,2.8892,257460
LH_M,1959,101342,2.1916,248656
LH_M,1960,92786,2.6214,224514
LH_M,1961,72732,2.3794,259719
LH_M,1962,105189,3.4979,318460
LH_M,1963,90772,2.6536,305186
LH_M,1964,100658,3.2267,314872
LH_M,1965,97192,3.3491,301932
LH_M,1966,90556,3.3206,303230
LH_M,1967,85098,3.3404,317062
LH_M,1968,106398,3.5842,344243
LH_M,1969,123012,3.7094,396060
LH_M,1970,127527,3.8731,419264
LH_M,1971,89467,3.7342,395166
LH_M,1972,112904,3.9789,444541
LH_M,1973,112347,5.7132,479839
LH_M,1974,107486,4.4759,458198
LH_M,1975,127807,5.3332,464376
LH_M,1976,94687,5.3776,474528
LH_M,1977,123888,4.9988,529884
LH_M,1978,108533,4.9912,510257
LH_M,1979,90878,5.2526,484348
LH_M,1980,100526,5.8783,518357
LH_M,1981,101213,5.8269,546063
LH_M,1982,105021,5.3035,527631
LH_M,1983,115075,5.2520,590809
LH_M,1984,117052,6.2431,591836
LH_M,1985,144037,6.9048,635032
LH_M,1986,117535,7.1020,595126
LH_M,1987,112412,5.8657,621164
LH_M,1988,106397,5.5795,633643
LH_M,1989,125494,6.6455,660747
LH_M,1990,132444,6.6939,682032
LH_M,1991,90221,5.8049,682222
LH_M,1992,123146,7.5752,711797
LH_M,1993,103352,8.2520,721692
LH_M,1994,61268,7.3315,751530
LH_M,1995,79624,6.9268,780070
LH_M,1996,76117,7.9563,769411
LH_M,1997,71457,7.9919,796993
LH_M,1998,69522,8.7096,785580
LH_M,1999,74501,8.3074,779496
LH_M,2000,88662,6.8987,801662
LH_VL,1951,1348,2.9431,250000
LH_VL,1952,1385,2.6567,260447
LH_VL,1953,1409,2.4330,267911
LH_VL,1954,1213,3.1535,273308
LH_VL,1955,1296,2.6989,281719
LH_VL,1956,1152,2.7052,290266
LH_VL,1957,1301,3.5718,297983
LH_VL,1958,1553,3.2541,304416
LH_VL,1959,1868,3.2527,314863
LH_VL,1960,1691,3.8700,325066
LH_VL,1961,1514,4.1210,339351
LH_VL,1962,1921,3.5949,346902
LH_VL,1963,1863,3.4107,354796
LH_VL,1964,1672,3.3626,365068
LH_VL,1965,1914,3.7502,374467
LH_VL,1966,1779,3.9240,383723
LH_VL,1967,2085,3.6900,389661
LH_VL,1968,1872,3.7568,401026
LH_VL,1969,2372,4.1324,413072
LH_VL,1970,2021,3.9943,421008
LH_VL,1971,2106,4.4457,429218
LH_VL,1972,2082,4.7867,437624
LH_VL,1973,2147,4.0626,447686
LH_VL,1974,1878,3.8329,464138
LH_VL,1975,2469,4.2853,471115
LH_VL,1976,1944,3.8817,479612
LH_VL,1977,2129,4.5853,485249
LH_VL,1978,2310,4.5656,498318
LH_VL,1979,3083,4.7079,505599
LH_VL,1980,2461,4.7628,514542
LH_VL,1981,2415,5.2774,522626
LH_VL,1982,3160,5.4683,530620
LH_VL,1983,2862,5.0111,537507
LH_VL,1984,2876,4.9840,546980
LH_VL,1985,2528,4.3816,555554
LH_VL,1986,2994,5.5485,564331
LH_VL,1987,2965,4.9045,574063
LH_VL,1988,3098,6.5964,582640
LH_VL,1989,2661,5.9222,591542
LH_VL,1990,3429,7.0989,598428
LH_VL,1991,3601,5.1688,608276
LH_VL,1992,2759,4.7585,614269
LH_VL,1993,2943,5.6785,626153
LH_VL,1994,3244,5.4391,635825
LH_VL,1995,3424,5.9402,644697
LH_VL,1996,3627,6.7057,654508
LH_VL,1997,3542,6.1878,659671
LH_VL,1998,3277,6.7987,667989
LH_VL,1999,3544,6.6002,674023
LH_VL,2000,3495,6.5498,680339
LHL_H,1951,116208,2.1059,250000
LHL_H,1952,160618,3.4597,340685
LHL_H,1953,202098,3.3536,370907
LHL_H,1954,173114,3.8891,350536
LHL_H,1955,210020,5.7455,402138
LHL_H,1956,201991,4.7628,422436
LHL_H,1957,242375,5.2260,497522
LHL_H,1958,195954,4.4030,503890
LHL_H,1959,244524,5.5076,558035
LHL_H,1960,215459,5.6712,510397
LHL_H,1961,204248,4.8298,566543
LHL_H,1962,285267,6.1189,612798
LHL_H,1963,258569,6.8177,650072
LHL_H,1964,229612,6.2186,548357
LHL_H,1965,150285,4.3798,463820
LHL_H,1966,248617,6.7231,613675
LHL_H,1967,256791,6.9652,613946
LHL_H,1968,215183,6.8125,604071
LHL_H,1969,195455,5.0557,602284
LHL_H,1970,201109,5.8655,644997
LHL_H,1971,216392,6.7067,693793
LHL_H,1972,268836,7.3566,818471
LHL_H,1973,174730,6.0498,673954
LHL_H,1974,228320,7.0186,707244
LHL_H,1975,212794,7.1667,730787
LHL_H,1976,251649,7.6883,764189
LHL_H,1977,193618,6.1418,652748
LHL_H,1978,335274,7.3254,624857
LHL_H,1979,307512,5.6284,538630
LHL_H,1980,294853,4.2973,457181
LHL_H,1981,216938,3.7802,342521
LHL_H,1982,258044,3.8833,398371
LHL_H,1983,260897,4.1982,416691
LHL_H,1984,262385,4.5917,450690
LHL_H,1985,279750,4.2193,418038
LHL_H,1986,275690,4.4909,422645
LHL_H,1987,225687,3.6912,407565
LHL_H,1988,229425,3.6418,348370
LHL_H,1989,246278,3.1078,347027
LHL_H,1990,258975,3.8053,356880
LHL_H,1991,178382,2.5327,308420
LHL_H,1992,180637,3.0277,317394
LHL_H,1993,207189,3.1015,318103
LHL_H,1994,228111,2.5821,248089
LHL_H,1995,163339,2.0590,230345
LHL_H,1996,245647,2.7441,288784
LHL_H,1997,145349,2.3546,213250
LHL_H,1998,137790,2.3260,214491
LHL_H,1999,172793,2.3058,228570
LHL_H,2000,144479,1.2920,167799
LHL_L,1951,29956,2.6001,250000
LHL_L,1952,37056,2.7681,267040
LHL_L,1953,32351,2.5617,261710
LHL_L,1954,39501,2.6483,295291
LHL_L,1955,36343,2.4369,306318
LHL_L,1956,39440,3.6433,339658
LHL_L,1957,49311,2.8372,350012
LHL_L,1958,41818,3.7307,353806
LHL_L,1959,40472,3.4805,389167
LHL_L,1960,41596,4.1113,414389
LHL_L,1961,45569,4.6935,435623
LHL_L,1962,52024,5.5196,471949
LHL_L,1963,44747,4.8226,481760
LHL_L,1964,56066,5.6293,511027
LHL_L,1965,55668,5.2331,518754
LHL_L,1966,47419,4.2240,521011
LHL_L,1967,59689,5.5636,525212
LHL_L,1968,51933,5.6871,512746
LHL_L,1969,23911,5.3247,509559
LHL_L,1970,29644,5.8137,531983
LHL_L,1971,26899,5.5154,566293
LHL_L,1972,28765,6.8781,582219
LHL_L,1973,26566,5.0775,601269
LHL_L,1974,35236,6.0906,630639
LHL_L,1975,36060,7.5568,671717
LHL_L,1976,35547,6.2236,698634
LHL_L,1977,32557,6.1258,726245
LHL_L,1978,84045,7.7879,738919
LHL_L,1979,96579,6.3670,692892
LHL_L,1980,82052,6.0509,651901
LHL_L,1981,68818,5.9596,624604
LHL_L,1982,81083,5.9285,613569
LHL_L,1983,73101,6.2019,584708
LHL_L,1984,73029,5.1579,586320
LHL_L,1985,64094,5.5815,560109
LHL_L,1986,70164,5.6083,586798
LHL_L,1987,87157,5.9227,569305
LHL_L,1988,89501,6.0887,547544
LHL_L,1989,71763,4.8965,522396
LHL_L,1990,67067,4.4492,495513
LHL_L,1991,73538,4.9754,491907
LHL_L,1992,69177,4.5584,495459
LHL_L,1993,116755,4.4895,478899
LHL_L,1994,86694,4.4670,438568
LHL_L,1995,72078,3.6044,409660
LHL_L,1996,63265,4.2150,398590
LHL_L,1997,81290,3.8836,383432
LHL_L,1998,78292,4.2577,358141
LHL_L,1999,56489,3.3327,330942
LHL_L,2000,76575,3.2584,323990
LHL_M,1951,75289,2.2769,250000
LHL_M,1952,74044,2.4441,257330
LHL_M,1953,89933,2.7981,312942
LHL_M,1954,91525,3.3299,304007
LHL_M,1955,81893,2.3484,312897
LHL_M,1956,82620,3.1782,328278
LHL_M,1957,96798,2.9077,313257
LHL_M,1958,97481,3.6559,361885
LHL_M,1959,109675,3.6827,353925
LHL_M,1960,112904,3.1687,372141
LHL_M,1961,100161,3.9435,403478
LHL_M,1962,105126,4.4188,396660
LHL_M,1963,94300,3.7597,403626
LHL_M,1964,112415,4.2914,420131
LHL_M,1965,104411,4.6887,468029
LHL_M,1966,104308,4.3843,499020
LHL_M,1967,140642,5.0096,496981
LHL_M,1968,136129,4.8246,502799
LHL_M,1969,128224,5.5466,533078
LHL_M,1970,94557,5.9409,524234
LHL_M,1971,133650,5.6410,565239
LHL_M,1972,92272,5.4111,525403
LHL_M,1973,119005,5.4491,560103
LHL_M,1974,107828,6.1598,543771
LHL_M,1975,125003,5.6354,582248
LHL_M,1976,181098,6.7178,589711
LHL_M,1977,177339,4.9284,544084
LHL_M,1978,124439,4.5665,465739
LHL_M,1979,129653,3.7979,461146
LHL_M,1980,165214,4.5396,478119
LHL_M,1981,124368,3.7915,418041
LHL_M,1982,119912,4.8258,426993
LHL_M,1983,115486,4.5207,418020
LHL_M,1984,149753,4.4041,437082
LHL_M,1985,118398,3.9435,405221
LHL_M,1986,158943,3.8509,378821
LHL_M,1987,134050,3.2309,340618
LHL_M,1988,121135,3.2553,324014
LHL_M,1989,125605,3.0925,307256
LHL_M,1990,100223,3.1365,304937
LHL_M,1991,114356,2.7408,319050
LHL_M,1992,114056,3.1352,297245
LHL_M,1993,92940,2.7788,262593
LHL_M,1994,111653,2.3560,256882
LHL_M,1995,105422,1.9162,251396
LHL_M,1996,85263,2.3059,229301
LHL_M,1997,83239,2.5941,218197
LHL_M,1998,73660,2.1717,223872
LHL_M,1999,90779,2.6265,236988
LHL_M,2000,101010,2.9723,235764
LHL_VL,1951,589,2.5961,250000
LHL_VL,1952,694,2.7095,260708
LHL_VL,1953,741,2.5233,272679
LHL_VL,1954,822,3.0867,280171
LHL_VL,1955,770,2.9608,289724
LHL_VL,1956,682,2.8415,303182
LHL_VL,1957,771,3.3175,309975
LHL_VL,1958,798,3.0350,321855
LHL_VL,1959,811,3.5623,331615
LHL_VL,1960,1005,3.0443,344840
LHL_VL,1961,1008,4.0822,354286
LHL_VL,1962,848,3.7503,365944
LHL_VL,1963,878,3.2493,377168
LHL_VL,1964,1039,3.4982,391375
LHL_VL,1965,974,3.8742,404245
LHL_VL,1966,1054,3.9127,414666
LHL_VL,1967,1062,4.3298,420381
LHL_VL,1968,962,4.6813,430193
LHL_VL,1969,1008,4.5150,440374
LHL_VL,1970,1067,4.7822,449097
LHL_VL,1971,1103,4.7088,461372
LHL_VL,1972,1151,4.1212,471502
LHL_VL,1973,1311,5.1189,485981
LHL_VL,1974,1087,5.5128,501674
LHL_VL,1975,1403,6.0419,516331
LHL_VL,1976,1511,5.4318,530379
LHL_VL,1977,1680,6.0450,538621
LHL_VL,1978,1731,5.8447,547151
LHL_VL,1979,1419,5.4405,555363
LHL_VL,1980,1407,5.6395,562894
LHL_VL,1981,30189,5.4306,570191
LHL_VL,1982,27635,6.0150,552931
LHL_VL,1983,26289,4.3662,538745
LHL_VL,1984,25638,4.7483,522069
LHL_VL,1985,30288,5.5820,514370
LHL_VL,1986,27601,4.9496,496297
LHL_VL,1987,26836,4.2583,483401
LHL_VL,1988,23039,3.5531,469796
LHL_VL,1989,21240,4.6293,455071
LHL_VL,1990,24989,4.7491,445749
LHL_VL,1991,26655,4.3999,432248
LHL_VL,1992,25134,4.7563,416597
LHL_VL,1993,24764,3.9469,399565
LHL_VL,1994,24811,3.9640,386993
LHL_VL,1995,20152,4.4282,376358
LHL_VL,1996,22495,3.5815,370727
LHL_VL,1997,23016,3.8295,360712
LHL_VL,1998,24980,3.8505,348966
LHL_VL,1999,23308,3.5453,339002
LHL_VL,2000,17203,3.8549,324130
LL_H,1951,212724,2.4956,250000
LL_H,1952,182271,2.4240,234690
LL_H,1953,208096,2.4349,248359
LL_H,1954,143370,1.9538,204012
LL_H,1955,159126,2.4974,217725
LL_H,1956,157659,1.8991,210397
LL_H,1957,125642,1.7384,184335
LL_H,1958,140383,2.5408,234714
LL_H,1959,232677,2.8865,306650
LL_H,1960,202596,3.2104,261246
LL_H,1961,169654,2.7563,242577
LL_H,1962,176798,1.8562,238924
LL_H,1963,212813,3.3485,312183
LL_H,1964,183267,2.3242,237464
LL_H,1965,193009,2.4764,229494
LL_H,1966,190332,2.2893,252774
LL_H,1967,356735,4.4499,397199
LL_H,1968,159238,2.2914,208662
LL_H,1969,169711,1.7951,235427
LL_H,1970,158302,2.3393,235489
LL_H,1971,225775,2.8403,281257
LL_H,1972,192957,2.8239,286200
LL_H,1973,196187,2.3029,258513
LL_H,1974,126773,1.8499,208220
LL_H,1975,166992,2.5009,243228
LL_H,1976,263047,2.7021,323229
LL_H,1977,219349,2.9019,266406
LL_H,1978,167583,1.9300,250435
LL_H,1979,170615,2.6776,235608
LL_H,1980,222068,2.8618,259919
LL_H,1981,186285,2.0766,243378
LL_H,1982,139906,1.8651,217199
LL_H,1983,122605,1.5519,186233
LL_H,1984,151012,1.9709,214405
LL_H,1985,225144,3.1752,301236
LL_H,1986,251164,3.0299,330092
LL_H,1987,206448,2.6537,264034
LL_H,1988,145074,2.4377,235922
LL_H,1989,180381,2.9456,291452
LL_H,1990,257709,3.0250,359729
LL_H,1991,353033,5.1054,461181
LL_H,1992,279982,4.1738,425546
LL_H,1993,253855,3.3428,337578
LL_H,1994,180418,1.7687,230437
LL_H,1995,204973,2.8303,257899
LL_H,1996,146896,1.9923,206984
LL_H,1997,240581,3.5013,325898
LL_H,1998,216771,2.2994,278364
LL_H,1999,234967,3.3451,315699
LL_H,2000,202016,3.1683,310914
LL_L,1951,44288,2.5745,250000
LL_L,1952,47140,2.6190,247573
LL_L,1953,46444,2.4996,244854
LL_L,1954,46169,2.3033,235029
LL_L,1955,50807,2.7686,249644
LL_L,1956,49624,2.1901,248784
LL_L,1957,46189,2.2552,247435
LL_L,1958,42386,2.2059,240918
LL_L,1959,44059,2.5770,246107
LL_L,1960,43438,2.3408,238278
LL_L,1961,41243,2.2805,225089
LL_L,1962,48543,2.5540,229150
LL_L,1963,40739,2.1661,217069
LL_L,1964,34322,1.9046,226368
LL_L,1965,44178,2.4289,234217
LL_L,1966,33187,2.2760,220801
LL_L,1967,35092,2.0000,225589
LL_L,1968,48875,2.2462,250226
LL_L,1969,55486,2.1897,246866
LL_L,1970,38970,2.1212,241839
LL_L,1971,37755,2.3268,257101
LL_L,1972,44053,2.8009,269110
LL_L,1973,49895,2.8718,274990
LL_L,1974,44408,2.5520,269134
LL_L,1975,55309,2.7393,273375
LL_L,1976,51735,3.2595,268948
LL_L,1977,48004,3.0782,271604
LL_L,1978,54817,2.5411,276051
LL_L,1979,61875,2.5934,263319
LL_L,1980,49372,2.8589,272545
LL_L,1981,44724,2.6078,256889
LL_L,1982,61239,2.6748,278462
LL_L,1983,43506,1.9293,252308
LL_L,1984,49329,2.3393,247468
LL_L,1985,57374,2.5567,255533
LL_L,1986,45341,2.7597,236166
LL_L,1987,48418,2.4793,231853
LL_L,1988,39108,2.2348,225424
LL_L,1989,39215,2.3269,229814
LL_L,1990,34418,2.0489,215173
LL_L,1991,58508,2.2726,232123
LL_L,1992,46450,2.6349,226437
LL_L,1993,33123,2.2365,213754
LL_L,1994,36854,2.1995,243865
LL_L,1995,41045,2.2313,241152
LL_L,1996,45544,2.4805,246013
LL_L,1997,47964,2.4636,235723
LL_L,1998,43481,1.8302,240839
LL_L,1999,45561,2.2553,235008
LL_L,2000,41650,2.4021,227373
LL_M,1951,87055,2.3992,250000
LL_M,1952,109644,2.8819,266695
LL_M,1953,99161,2.7372,249438
LL_M,1954,97121,2.1989,245720
LL_M,1955,78146,2.4669,229493
LL_M,1956,97530,2.9328,239971
LL_M,1957,75945,1.8190,229185
LL_M,1958,113696,2.0949,231651
LL_M,1959,83167,1.9466,216794
LL_M,1960,76835,2.2792,222194
LL_M,1961,72997,1.8938,215195
LL_M,1962,72180,2.2212,219261
LL_M,1963,81907,2.8448,243940
LL_M,1964,101847,2.8013,268865
LL_M,1965,92065,1.9767,229275
LL_M,1966,79951,2.5266,212843
LL_M,1967,76211,1.9346,191067
LL_M,1968,59992,1.9394,186981
LL_M,1969,95748,2.3015,220717
LL_M,1970,83528,1.9469,206157
LL_M,1971,81993,2.0414,211933
LL_M,1972,96471,2.1973,238293
LL_M,1973,85279,2.6672,246634
LL_M,1974,109051,2.5340,269648
LL_M,1975,85836,2.8883,247697
LL_M,1976,80893,2.5590,250717
LL_M,1977,85668,2.5264,243918
LL_M,1978,87436,3.3354,268569
LL_M,1979,97351,2.6251,264603
LL_M,1980,111721,2.8514,292635
LL_M,1981,122904,2.8158,300055
LL_M,1982,101248,1.9374,255940
LL_M,1983,94175,2.4040,249605
LL_M,1984,90575,2.1213,250714
LL_M,1985,71452,2.2730,243526
LL_M,1986,83525,2.0759,229967
LL_M,1987,94781,2.2675,235134
LL_M,1988,80049,2.3702,218645
LL_M,1989,75539,2.3241,213915
LL_M,1990,106854,2.0094,232763
LL_M,1991,70110,2.1897,208277
LL_M,1992,95920,2.4100,252413
LL_M,1993,92612,2.3472,235774
LL_M,1994,89043,2.2266,273574
LL_M,1995,87784,3.0458,293853
LL_M,1996,140932,3.3289,321019
LL_M,1997,116168,2.8203,304799
LL_M,1998,104745,3.7224,319579
LL_M,1999,113240,2.9065,318676
LL_M,2000,108652,2.5605,303633
LL_VL,1951,9595,2.7596,250000
LL_VL,1952,8859,2.6686,252704
LL_VL,1953,8702,2.9161,252009
LL_VL,1954,9484,2.2409,252467
LL_VL,1955,10417,2.2117,252044
LL_VL,1956,8962,2.3912,251225
LL_VL,1957,9443,2.8166,250857
LL_VL,1958,9977,2.8423,251999
LL_VL,1959,8763,2.3316,254005
LL_VL,1960,8420,2.4475,255757
LL_VL,1961,9409,2.4951,254276
LL_VL,1962,8011,2.1836,254768
LL_VL,1963,9420,2.6714,256654
LL_VL,1964,9922,2.7318,257664
LL_VL,1965,8694,2.6836,257029
LL_VL,1966,9728,2.1749,258523
LL_VL,1967,9396,2.7469,258323
LL_VL,1968,8523,2.8400,259672
LL_VL,1969,11069,2.8328,264071
LL_VL,1970,9353,3.1431,262600
LL_VL,1971,11440,3.1224,261382
LL_VL,1972,11505,3.0659,258010
LL_VL,1973,8796,2.8888,256129
LL_VL,1974,10864,2.7409,257916
LL_VL,1975,9004,2.5838,254867
LL_VL,1976,8497,2.3276,253981
LL_VL,1977,9102,2.8531,253105
LL_VL,1978,9370,2.3290,250035
LL_VL,1979,9362,2.6230,249747
LL_VL,1980,9307,2.1827,252196
LL_VL,1981,10210,2.8613,253804
LL_VL,1982,10361,2.4363,253718
LL_VL,1983,8770,2.6694,253287
LL_VL,1984,10582,3.2015,253690
LL_VL,1985,9167,2.6083,250928
LL_VL,1986,11963,1.9871,249614
LL_VL,1987,8991,2.8530,245082
LL_VL,1988,9277,2.4982,243547
LL_VL,1989,8503,1.8442,242858
LL_VL,1990,8893,2.1153,243443
LL_VL,1991,9213,2.6243,244050
LL_VL,1992,8713,2.2505,242701
LL_VL,1993,8860,2.4198,245248
LL_VL,1994,8025,2.2922,246486
LL_VL,1995,7964,2.6568,249647
LL_VL,1996,8428,2.4837,251253
LL_VL,1997,9470,2.4586,250246
LL_VL,1998,7799,2.6706,250277
LL_VL,1999,9755,2.5881,257361
LL_VL,2000,7961,2.6257,256532
